<?xml version="1.0"?>
<SL_StatusEffect xmlns:xsd="http://www.w3.org/2001/XMLSchema" xmlns:xsi="http://www.w3.org/2001/XMLSchema-instance">
  <TargetStatusIdentifier>Discipline</TargetStatusIdentifier>
  <NewStatusID>19</NewStatusID>
  <StatusIdentifier>bowmanEffect</StatusIdentifier>
  <Name>bowmanEffect</Name>
  <Description>bowmanEffect</Description>
  <Lifespan>-1</Lifespan>
  <RefreshRate>0.1</RefreshRate>
  <Purgeable>false</Purgeable>
  <Priority>1</Priority>
  <IgnoreBarrier>false</IgnoreBarrier>
  <BuildupRecoverySpeed>3</BuildupRecoverySpeed>
  <IgnoreBuildupIfApplied>false</IgnoreBuildupIfApplied>
  <AmplifiedStatusIdentifier>Discipline Amplified</AmplifiedStatusIdentifier>
  <RemoveRequiredStatus>false</RemoveRequiredStatus>
  <NormalizeDamageDisplay>false</NormalizeDamageDisplay>
  <DisplayedInHUD>true</DisplayedInHUD>
  <IsHidden>false</IsHidden>
  <IsMalusEffect>false</IsMalusEffect>
  <DelayedDestroyTime>0</DelayedDestroyTime>
  <ActionOnHit>None</ActionOnHit>
  <FamilyMode>Bind</FamilyMode>
  <BindFamily>
    <UID>bowmanfam</UID>
    <Name>bowmanFam</Name>
    <StackBehaviour>IndependantUnique</StackBehaviour>
    <MaxStackCount>-1</MaxStackCount>
    <LengthType>Long</LengthType>
  </BindFamily>
  <PlayFXOnActivation>true</PlayFXOnActivation>
  <FXOffset>
    <x>0</x>
    <y>0</y>
    <z>0</z>
  </FXOffset>
  <VFXInstantiationType>Normal</VFXInstantiationType>
  <VFXPrefab xsi:nil="true" />
  <SpecialSFX>NONE</SpecialSFX>
  <PlaySpecialFXOnStop>false</PlaySpecialFXOnStop>
  <EffectBehaviour>Destroy</EffectBehaviour>
  <Effects>
    <SL_EffectTransform>
      <TransformName>ActivationEffects</TransformName>
      <Position xsi:nil="true" />
      <Rotation xsi:nil="true" />
      <Scale xsi:nil="true" />
      <Effects>
        <SL_Effect xsi:type="SL_AffectStat">
          <Delay>0</Delay>
          <SyncType>OwnerSync</SyncType>
          <OverrideCategory>None</OverrideCategory>
          <Stat_Tag>PhysicalDamage</Stat_Tag>
          <AffectQuantity>-30</AffectQuantity>
          <IsModifier>true</IsModifier>
          <Tags />
          <Duration>-1</Duration>
        </SL_Effect>
      </Effects>
      <EffectConditions />
      <ChildEffects />
    </SL_EffectTransform>
  </Effects>
</SL_StatusEffect>