<?xml version="1.0"?>
<SL_Skill xmlns:xsd="http://www.w3.org/2001/XMLSchema" xmlns:xsi="http://www.w3.org/2001/XMLSchema-instance">
  <Target_ItemID>8100140</Target_ItemID>
  <New_ItemID>-9999</New_ItemID>
  <Name>testApply</Name>
  <Description>yes</Description>
  <LegacyItemID>-1</LegacyItemID>
  <IsPickable>false</IsPickable>
  <IsUsable>false</IsUsable>
  <QtyRemovedOnUse>1</QtyRemovedOnUse>
  <GroupItemInDisplay>false</GroupItemInDisplay>
  <HasPhysicsWhenWorld>false</HasPhysicsWhenWorld>
  <RepairedInRest>true</RepairedInRest>
  <BehaviorOnNoDurability>NotSet</BehaviorOnNoDurability>
  <CastType>Bubble</CastType>
  <CastModifier>Immobilized</CastModifier>
  <CastLocomotionEnabled>false</CastLocomotionEnabled>
  <MobileCastMovementMult>-1</MobileCastMovementMult>
  <CastSheatheRequired>-1</CastSheatheRequired>
  <OverrideSellModifier>-1</OverrideSellModifier>
  <Tags />
  <ExtensionsEditBehaviour>NONE</ExtensionsEditBehaviour>
  <ItemExtensions />
  <EffectBehaviour>Destroy</EffectBehaviour>
  <EffectTransforms>
    <SL_EffectTransform>
      <TransformName>Effects</TransformName>
      <Position xsi:nil="true" />
      <Rotation xsi:nil="true" />
      <Scale xsi:nil="true" />
      <Effects>
        <SL_Effect xsi:type="SL_AddStatusEffect">
          <Delay>0</Delay>
          <SyncType>OwnerSync</SyncType>
          <OverrideCategory>None</OverrideCategory>
          <StatusEffect>WarVetEffect</StatusEffect>
          <ChanceToContract>100</ChanceToContract>
          <AffectController>false</AffectController>
          <AdditionalLevel>0</AdditionalLevel>
          <NoDealer>false</NoDealer>
        </SL_Effect>
      </Effects>
    </SL_EffectTransform>
  </EffectTransforms>
  <Cooldown>1</Cooldown>
  <StaminaCost>0</StaminaCost>
  <ManaCost>0</ManaCost>
  <DurabilityCost>0</DurabilityCost>
  <DurabilityCostPercent>0</DurabilityCostPercent>
  <VFXOnStart>false</VFXOnStart>
  <StopStartVFXOnEnd>false</StopStartVFXOnEnd>
  <StartVFX>VFXForceBubble</StartVFX>
  <RequiredItems />
  <HealthCost>0</HealthCost>
  <RequiredPlayerType>Normal</RequiredPlayerType>
</SL_Skill>