<?xml version="1.0"?>
<SL_StatusEffect xmlns:xsd="http://www.w3.org/2001/XMLSchema" xmlns:xsi="http://www.w3.org/2001/XMLSchema-instance">
  <TargetStatusIdentifier>Gift of Blood Ally</TargetStatusIdentifier>
  <NewStatusID>-2081</NewStatusID>
  <StatusIdentifier>AdrenalineSpeed</StatusIdentifier>
  <Name>AdrenalineSpeed</Name>
  <Description>AdrenalineSpeed</Description>
  <Lifespan>-1</Lifespan>
  <RefreshRate>1</RefreshRate>
  <Purgeable>false</Purgeable>
  <Priority>1</Priority>
  <IgnoreBarrier>false</IgnoreBarrier>
  <BuildupRecoverySpeed>3</BuildupRecoverySpeed>
  <IgnoreBuildupIfApplied>false</IgnoreBuildupIfApplied>
  <AmplifiedStatusIdentifier />
  <RemoveRequiredStatus>false</RemoveRequiredStatus>
  <NormalizeDamageDisplay>false</NormalizeDamageDisplay>
  <DisplayedInHUD>false</DisplayedInHUD>
  <IsHidden>true</IsHidden>
  <IsMalusEffect>false</IsMalusEffect>
  <DelayedDestroyTime>0</DelayedDestroyTime>
  <ActionOnHit>None</ActionOnHit>
  <FamilyMode>Bind</FamilyMode>
  <BindFamily>
    <UID>AdrenalinespeedFam</UID>
    <Name>adrenalinespeedfam</Name>
    <StackBehaviour xsi:nil="true" />
    <MaxStackCount>-1</MaxStackCount>
    <LengthType xsi:nil="true" />
  </BindFamily>
  <PlayFXOnActivation>true</PlayFXOnActivation>
  <FXOffset>
    <x>0</x>
    <y>0</y>
    <z>0</z>
  </FXOffset>
  <VFXInstantiationType>None</VFXInstantiationType>
  <VFXPrefab>NONE</VFXPrefab>
  <SpecialSFX>NONE</SpecialSFX>
  <PlaySpecialFXOnStop>false</PlaySpecialFXOnStop>
  <EffectBehaviour>Destroy</EffectBehaviour>
  <Effects>
    <SL_EffectTransform>
      <TransformName>Effects</TransformName>
      <Position xsi:nil="true" />
      <Rotation xsi:nil="true" />
      <Scale xsi:nil="true" />
      <Effects>
        <SL_Effect xsi:type="SL_AffectStat">
          <Delay>0</Delay>
          <SyncType>OwnerSync</SyncType>
          <OverrideCategory>None</OverrideCategory>
          <Stat_Tag>AttackSpeed</Stat_Tag>
          <AffectQuantity>0.2</AffectQuantity>
          <IsModifier>false</IsModifier>
          <Duration>-1</Duration>
        </SL_Effect>
      </Effects>
      <EffectConditions />
      <ChildEffects />
    </SL_EffectTransform>
  </Effects>
</SL_StatusEffect>