<?xml version="1.0" encoding="utf-8"?>
<SL_Quest xmlns:xsd="http://www.w3.org/2001/XMLSchema" xmlns:xsi="http://www.w3.org/2001/XMLSchema-instance">
  <Target_ItemID>7011620</Target_ItemID>
  <New_ItemID>-2302</New_ItemID>
  <Name>Lord of Giants</Name>
  <Description>Run or something.</Description>
  <LegacyItemID>-1</LegacyItemID>
  <IsPickable>false</IsPickable>
  <IsUsable>false</IsUsable>
  <QtyRemovedOnUse>1</QtyRemovedOnUse>
  <GroupItemInDisplay>false</GroupItemInDisplay>
  <HasPhysicsWhenWorld>false</HasPhysicsWhenWorld>
  <RepairedInRest>true</RepairedInRest>
  <BehaviorOnNoDurability>NotSet</BehaviorOnNoDurability>
  <CastType>NONE</CastType>
  <CastModifier>Immobilized</CastModifier>
  <CastLocomotionEnabled>false</CastLocomotionEnabled>
  <MobileCastMovementMult>-1</MobileCastMovementMult>
  <CastSheatheRequired>1</CastSheatheRequired>
  <OverrideSellModifier>-1</OverrideSellModifier>
  <Tags />
  <ExtensionsEditBehaviour>NONE</ExtensionsEditBehaviour>
  <ItemExtensions>
    <SL_ItemExtension xsi:type="SL_QuestProgress">
      <Savable>true</Savable>
      <LogSignatures>
        <SL_QuestLogEntrySignature>
          <UID>giantquest.objective.a</UID>
          <Text>Run or something.</Text>
          <Type>Static</Type>
        </SL_QuestLogEntrySignature>
        <SL_QuestLogEntrySignature>
          <UID>giantquest.objective.b</UID>
          <Text>Find help</Text>
          <Type>Static</Type>
        </SL_QuestLogEntrySignature>
      </LogSignatures>
      <RemoveOriginalGraph>true</RemoveOriginalGraph>
    </SL_ItemExtension>
  </ItemExtensions>
  <EffectBehaviour>Destroy</EffectBehaviour>
  <IsSideQuest>false</IsSideQuest>
</SL_Quest>