<?xml version="1.0"?>
<SL_StatusEffect xmlns:xsd="http://www.w3.org/2001/XMLSchema" xmlns:xsi="http://www.w3.org/2001/XMLSchema-instance">
  <TargetStatusIdentifier>Stability Up</TargetStatusIdentifier>
  <NewStatusID>52</NewStatusID>
  <StatusIdentifier>WarVetEffect</StatusIdentifier>
  <Name>WarVetEffect</Name>
  <Description>WarVetEffect</Description>
  <Lifespan>30</Lifespan>
  <RefreshRate>1</RefreshRate>
  <Purgeable>false</Purgeable>
  <Priority>1</Priority>
  <IgnoreBarrier>false</IgnoreBarrier>
  <BuildupRecoverySpeed>3</BuildupRecoverySpeed>
  <IgnoreBuildupIfApplied>false</IgnoreBuildupIfApplied>
  <AmplifiedStatusIdentifier />
  <RemoveRequiredStatus>false</RemoveRequiredStatus>
  <NormalizeDamageDisplay>false</NormalizeDamageDisplay>
  <DisplayedInHUD>true</DisplayedInHUD>
  <IsHidden>false</IsHidden>
  <IsMalusEffect>false</IsMalusEffect>
  <DelayedDestroyTime>0</DelayedDestroyTime>
  <ActionOnHit>None</ActionOnHit>
  <FamilyMode>Bind</FamilyMode>
  <BindFamily>
    <UID>WarVetFam</UID>
    <Name>warvetfam</Name>
    <StackBehaviour>IndependantUnique</StackBehaviour>
    <MaxStackCount>-1</MaxStackCount>
    <LengthType>Short</LengthType>
  </BindFamily>
  <PlayFXOnActivation>true</PlayFXOnActivation>
  <FXOffset>
    <x>0</x>
    <y>0</y>
    <z>0</z>
  </FXOffset>
  <VFXInstantiationType>None</VFXInstantiationType>
  <VFXPrefab xsi:nil="true" />
  <SpecialSFX>NONE</SpecialSFX>
  <PlaySpecialFXOnStop>false</PlaySpecialFXOnStop>
  <EffectBehaviour>Destroy</EffectBehaviour>
  <Effects>
    <SL_EffectTransform>
      <TransformName>Normal</TransformName>
      <Position xsi:nil="true" />
      <Rotation xsi:nil="true" />
      <Scale xsi:nil="true" />
      <Effects>
        <SL_Effect xsi:type="SL_AffectStat">
          <Delay>0</Delay>
          <SyncType>OwnerSync</SyncType>
          <OverrideCategory>None</OverrideCategory>
          <Stat_Tag>ImpactResistance</Stat_Tag>
          <AffectQuantity>-10</AffectQuantity>
          <IsModifier>false</IsModifier>
          <Tags />
          <Duration>-1</Duration>
        </SL_Effect>
      </Effects>
      <EffectConditions>
        <SL_EffectCondition xsi:type="SL_HasHealthCondition">
          <Invert>true</Invert>
          <Value>90</Value>
          <CheckPercent>false</CheckPercent>
          <IgnoreBurntForPercent>false</IgnoreBurntForPercent>
        </SL_EffectCondition>
      </EffectConditions>
      <ChildEffects />
    </SL_EffectTransform>
  </Effects>
</SL_StatusEffect>