<?xml version="1.0"?>
<SL_Skill xmlns:xsd="http://www.w3.org/2001/XMLSchema" xmlns:xsi="http://www.w3.org/2001/XMLSchema-instance">
  <Target_ItemID>8205100</Target_ItemID>
  <New_ItemID>-2216</New_ItemID>
  <Name>Harmattan Trader</Name>
  <Description>Money is your life. Harmattan has taught you about haggling and trading. Making your own little fortune. However you've spent so much time inside cities doing nothing but trading, your body is not used to the outside dangers.

&lt;color=#00f5ff&gt;[Reduced buy prices by 20%]&lt;/color&gt;
&lt;color=#ff5043&gt;[All resistances reduced by 10]&lt;/color&gt;</Description>
  <LegacyItemID>-1</LegacyItemID>
  <IsPickable>false</IsPickable>
  <IsUsable>false</IsUsable>
  <QtyRemovedOnUse>1</QtyRemovedOnUse>
  <GroupItemInDisplay>false</GroupItemInDisplay>
  <HasPhysicsWhenWorld>false</HasPhysicsWhenWorld>
  <RepairedInRest>true</RepairedInRest>
  <BehaviorOnNoDurability>NotSet</BehaviorOnNoDurability>
  <CastType>NONE</CastType>
  <CastModifier>Immobilized</CastModifier>
  <CastLocomotionEnabled>false</CastLocomotionEnabled>
  <MobileCastMovementMult>-1</MobileCastMovementMult>
  <CastSheatheRequired>1</CastSheatheRequired>
  <OverrideSellModifier>-1</OverrideSellModifier>
  <Tags />
  <ExtensionsEditBehaviour>NONE</ExtensionsEditBehaviour>
  <ItemExtensions />
  <EffectBehaviour>Destroy</EffectBehaviour>
  <EffectTransforms>
    <SL_EffectTransform>
      <TransformName>Passive</TransformName>
      <Position xsi:nil="true" />
      <Rotation xsi:nil="true" />
      <Scale xsi:nil="true" />
      <Effects>
        <SL_Effect xsi:type="SL_AffectStat">
          <Delay>0</Delay>
          <SyncType>OwnerSync</SyncType>
          <OverrideCategory>None</OverrideCategory>
          <Stat_Tag>BuyModifier</Stat_Tag>
          <AffectQuantity>-20</AffectQuantity>
          <IsModifier>false</IsModifier>
          <Duration>-1</Duration>
        </SL_Effect>
        <SL_Effect xsi:type="SL_AffectStat">
          <Delay>0</Delay>
          <SyncType>OwnerSync</SyncType>
          <OverrideCategory>None</OverrideCategory>
          <Stat_Tag>AllResistances</Stat_Tag>
          <AffectQuantity>-10</AffectQuantity>
          <IsModifier>false</IsModifier>
          <Duration>-1</Duration>
        </SL_Effect>
      </Effects>
      <EffectConditions />
      <ChildEffects />
    </SL_EffectTransform>
  </EffectTransforms>
  <Cooldown>0</Cooldown>
  <StaminaCost>0</StaminaCost>
  <ManaCost>0</ManaCost>
  <DurabilityCost>0</DurabilityCost>
  <DurabilityCostPercent>0</DurabilityCostPercent>
  <VFXOnStart>false</VFXOnStart>
  <StopStartVFXOnEnd>false</StopStartVFXOnEnd>
  <StartVFX xsi:nil="true" />
  <RequiredItems />
  <HealthCost>0</HealthCost>
  <RequiredPlayerType>Normal</RequiredPlayerType>
</SL_Skill>