<?xml version="1.0"?>
<SL_StatusEffect xmlns:xsd="http://www.w3.org/2001/XMLSchema" xmlns:xsi="http://www.w3.org/2001/XMLSchema-instance">
  <TargetStatusIdentifier>Force Bubble</TargetStatusIdentifier>
  <NewStatusID>-233324</NewStatusID>
  <StatusIdentifier>AdrenalineRush</StatusIdentifier>
  <Name>AdrenalineRush</Name>
  <Description>Recover [E1V1] Stamina per second.</Description>
  <Lifespan>60</Lifespan>
  <RefreshRate>1</RefreshRate>
  <Purgeable>true</Purgeable>
  <Priority>5</Priority>
  <IgnoreBarrier>false</IgnoreBarrier>
  <BuildupRecoverySpeed>3</BuildupRecoverySpeed>
  <IgnoreBuildupIfApplied>false</IgnoreBuildupIfApplied>
  <AmplifiedStatusIdentifier />
  <RemoveRequiredStatus>false</RemoveRequiredStatus>
  <NormalizeDamageDisplay>false</NormalizeDamageDisplay>
  <DisplayedInHUD>true</DisplayedInHUD>
  <IsHidden>false</IsHidden>
  <IsMalusEffect>false</IsMalusEffect>
  <DelayedDestroyTime>0</DelayedDestroyTime>
  <ActionOnHit>None</ActionOnHit>
  <FamilyMode>Bind</FamilyMode>
  <BindFamily>
    <UID>iggy.ultraregen</UID>
    <Name>iggy.ultraregen</Name>
    <StackBehaviour xsi:nil="true" />
    <MaxStackCount>-1</MaxStackCount>
    <LengthType xsi:nil="true" />
  </BindFamily>
  <PlayFXOnActivation>true</PlayFXOnActivation>
  <FXOffset>
    <x>0</x>
    <y>0</y>
    <z>0</z>
  </FXOffset>
  <VFXInstantiationType>None</VFXInstantiationType>
  <VFXPrefab xsi:nil="true" />
  <SpecialSFX>NONE</SpecialSFX>
  <PlaySpecialFXOnStop>false</PlaySpecialFXOnStop>
  <EffectBehaviour>Destroy</EffectBehaviour>
  <Effects>
    <SL_EffectTransform>
      <TransformName>Normal</TransformName>
      <Position xsi:nil="true" />
      <Rotation xsi:nil="true" />
      <Scale xsi:nil="true" />
      <Effects>
        <SL_Effect xsi:type="SL_AffectStamina">
          <Delay>0</Delay>
          <SyncType>OwnerSync</SyncType>
          <OverrideCategory>None</OverrideCategory>
          <AffectQuantity>5</AffectQuantity>
        </SL_Effect>
      </Effects>
      <EffectConditions />
      <ChildEffects />
    </SL_EffectTransform>
  </Effects>
</SL_StatusEffect>