<?xml version="1.0"?>
<SL_StatusEffect xmlns:xsd="http://www.w3.org/2001/XMLSchema" xmlns:xsi="http://www.w3.org/2001/XMLSchema-instance">
  <TargetStatusIdentifier>Gift of Blood Ally</TargetStatusIdentifier>
  <NewStatusID>-2081232</NewStatusID>
  <StatusIdentifier>GhostlyTimer</StatusIdentifier>
  <Name>Ghostly Fever</Name>
  <Description>Slowly yielding to the whispers of the void...</Description>
  <Lifespan>600</Lifespan>
  <RefreshRate>4</RefreshRate>
  <Purgeable>false</Purgeable>
  <Priority>1</Priority>
  <IgnoreBarrier>false</IgnoreBarrier>
  <BuildupRecoverySpeed>3</BuildupRecoverySpeed>
  <IgnoreBuildupIfApplied>false</IgnoreBuildupIfApplied>
  <AmplifiedStatusIdentifier />
  <RemoveRequiredStatus>false</RemoveRequiredStatus>
  <NormalizeDamageDisplay>false</NormalizeDamageDisplay>
  <DisplayedInHUD>true</DisplayedInHUD>
  <IsHidden>false</IsHidden>
  <IsMalusEffect>true</IsMalusEffect>
  <DelayedDestroyTime>0</DelayedDestroyTime>
  <ActionOnHit>None</ActionOnHit>
  <FamilyMode>Bind</FamilyMode>
  <BindFamily>
    <UID>timerfam</UID>
    <Name>timerFamily</Name>
    <StackBehaviour xsi:nil="true" />
    <MaxStackCount>-1</MaxStackCount>
    <LengthType xsi:nil="true" />
  </BindFamily>
  <PlayFXOnActivation>true</PlayFXOnActivation>
  <FXOffset>
    <x>0</x>
    <y>0</y>
    <z>0</z>
  </FXOffset>
  <VFXInstantiationType>VFX</VFXInstantiationType>
  <VFXPrefab>VFXAetherBomb</VFXPrefab>
  <SpecialSFX>NONE</SpecialSFX>
  <PlaySpecialFXOnStop>false</PlaySpecialFXOnStop>
  <EffectBehaviour>Destroy</EffectBehaviour>
  <Effects>
    <SL_EffectTransform>
      <TransformName>Effects</TransformName>
      <Position xsi:nil="true" />
      <Rotation xsi:nil="true" />
      <Scale xsi:nil="true" />
      <Effects>
        <SL_Effect xsi:type="SL_PunctualDamage">
          <Delay>0</Delay>
          <SyncType>OwnerSync</SyncType>
          <OverrideCategory>None</OverrideCategory>
          <Damage>
            <SL_Damage>
              <Damage>1</Damage>
              <Type>Ethereal</Type>
            </SL_Damage>
          </Damage>
          <Damages_AI />
          <Knockback>0</Knockback>
          <HitInventory>false</HitInventory>
          <IgnoreHalfResistances>false</IgnoreHalfResistances>
        </SL_Effect>
      </Effects>
      <EffectConditions />
      <ChildEffects />
    </SL_EffectTransform>
  </Effects>
</SL_StatusEffect>