<?xml version="1.0"?>
<SL_Skill xmlns:xsd="http://www.w3.org/2001/XMLSchema" xmlns:xsi="http://www.w3.org/2001/XMLSchema-instance">
  <Target_ItemID>8205100</Target_ItemID>
  <New_ItemID>-2213</New_ItemID>
  <Name>Conflux Watcher</Name>
  <Description>Watcher of the leylines, adept of the ways of magic. You've spent years studying magic in seclusion, you've learned the ways of the leylines. However your body has grown weak, making you tire very easily.

&lt;color=#00f5ff&gt;[Passively regenerate 0.25 mana every second.]&lt;/color&gt;
&lt;color=#ff5043&gt;[Passive Stamina regeneration reduced by 80%.]&lt;/color&gt;</Description>
  <LegacyItemID>-1</LegacyItemID>
  <IsPickable>false</IsPickable>
  <IsUsable>false</IsUsable>
  <QtyRemovedOnUse>1</QtyRemovedOnUse>
  <GroupItemInDisplay>false</GroupItemInDisplay>
  <HasPhysicsWhenWorld>false</HasPhysicsWhenWorld>
  <RepairedInRest>true</RepairedInRest>
  <BehaviorOnNoDurability>NotSet</BehaviorOnNoDurability>
  <CastType>NONE</CastType>
  <CastModifier>Immobilized</CastModifier>
  <CastLocomotionEnabled>false</CastLocomotionEnabled>
  <MobileCastMovementMult>-1</MobileCastMovementMult>
  <CastSheatheRequired>1</CastSheatheRequired>
  <OverrideSellModifier>-1</OverrideSellModifier>
  <Tags />
  <ExtensionsEditBehaviour>NONE</ExtensionsEditBehaviour>
  <ItemExtensions />
  <EffectBehaviour>Destroy</EffectBehaviour>
  <EffectTransforms>
    <SL_EffectTransform>
      <TransformName>Passive</TransformName>
      <Position xsi:nil="true" />
      <Rotation xsi:nil="true" />
      <Scale xsi:nil="true" />
      <Effects>
        <SL_Effect xsi:type="SL_AffectStat">
          <Delay>0</Delay>
          <SyncType>OwnerSync</SyncType>
          <OverrideCategory>None</OverrideCategory>
          <Stat_Tag>ManaRegen</Stat_Tag>
          <AffectQuantity>0.2</AffectQuantity>
          <IsModifier>false</IsModifier>
          <Duration>-1</Duration>
        </SL_Effect>
        <SL_Effect xsi:type="SL_AffectStat">
          <Delay>0</Delay>
          <SyncType>OwnerSync</SyncType>
          <OverrideCategory>None</OverrideCategory>
          <Stat_Tag>StaminaRegen</Stat_Tag>
          <AffectQuantity>-1.5</AffectQuantity>
          <IsModifier>false</IsModifier>
          <Duration>-1</Duration>
        </SL_Effect>
      </Effects>
      <EffectConditions />
      <ChildEffects />
    </SL_EffectTransform>
  </EffectTransforms>
  <Cooldown>0</Cooldown>
  <StaminaCost>0</StaminaCost>
  <ManaCost>0</ManaCost>
  <DurabilityCost>0</DurabilityCost>
  <DurabilityCostPercent>0</DurabilityCostPercent>
  <VFXOnStart>false</VFXOnStart>
  <StopStartVFXOnEnd>false</StopStartVFXOnEnd>
  <StartVFX xsi:nil="true" />
  <RequiredItems />
  <HealthCost>0</HealthCost>
  <RequiredPlayerType>Normal</RequiredPlayerType>
</SL_Skill>